f [Hz],Vin [V],Vout [V],A [dB]
40,3.35,3.03,-0.872043570690806
45,3.27,2.96,-0.86512083202695
49,3.27,2.24,-3.28599468652246
49.2,3.16,1.55,-6.18710768896225
49.5,3.35,0.52,-16.1808292680409
49.7,3.24,0.2,-24.1903002908526
49.9,3.24,0.121,-28.5551927978032
50,3.16,0.08,-31.9319419125292
50.2,3.11,0.085,-31.2668292662509
50.5,3.11,0.36,-18.729157765191
50.7,3.11,1.03,-9.5984632864333
50.9,3.03,1.72,-4.91828363189512
51,3.11,2.16,-3.16613275751813
55,3.27,2.96,-0.86512083202695
60,3.31,2.88,-1.20871012032976
